{"cameraMode":{"drawMode":0,"name":"Shaded","section":"Shading Mode"},"sceneLighting":true,"audioPlay":false,"sceneViewState":{"m_AlwaysRefresh":false,"showFog":true,"showSkybox":true,"showFlares":true,"showImageEffects":true,"showParticleSystems":true,"showVisualEffectGraphs":true,"m_FxEnabled":true},"in2DMode":false,"pivot":{"x":5.159999847412109,"y":7.079999923706055,"z":-4.670000076293945},"rotation":{"x":-0.11704029142856598,"y":-0.0023863601963967087,"z":0.00028109471895731986,"w":-0.993122935295105},"size":12.12435531616211,"orthographic":false}