{"cameraMode":{"drawMode":0,"name":"Shaded","section":"Shading Mode"},"sceneLighting":true,"audioPlay":false,"sceneViewState":{"m_AlwaysRefresh":false,"showFog":true,"showSkybox":true,"showFlares":true,"showImageEffects":true,"showParticleSystems":true,"showVisualEffectGraphs":true,"m_FxEnabled":true},"in2DMode":false,"pivot":{"x":14.43938159942627,"y":10.548697471618653,"z":-2.5892739295959474},"rotation":{"x":-0.20411068201065064,"y":0.35383278131484988,"z":-0.0794249027967453,"w":-0.9093013405799866},"size":0.4330126941204071,"orthographic":false}